{"cameraMode":{"drawMode":0,"name":"Shaded","section":"Shading Mode"},"sceneLighting":true,"audioPlay":false,"sceneViewState":{"m_AlwaysRefresh":false,"showFog":true,"showSkybox":true,"showFlares":true,"showImageEffects":true,"showParticleSystems":true,"showVisualEffectGraphs":true,"m_FxEnabled":true},"in2DMode":false,"pivot":{"x":1.1430699825286866,"y":-0.8292653560638428,"z":0.20331239700317384},"rotation":{"x":0.11584977060556412,"y":-0.8815086483955383,"z":0.3580354154109955,"w":0.2852102518081665},"size":5.3975372314453129,"orthographic":false}